{"cameraMode":{"drawMode":0,"name":"Shaded","section":"Shading Mode"},"sceneLighting":false,"audioPlay":false,"sceneViewState":{"m_AlwaysRefresh":false,"showFog":true,"showSkybox":false,"showFlares":true,"showImageEffects":true,"showParticleSystems":true,"showVisualEffectGraphs":true,"m_FxEnabled":false},"in2DMode":false,"pivot":{"x":5.960464477539063e-8,"y":1.0049999952316285,"z":-1.1920928955078126e-7},"rotation":{"x":0.06986914575099945,"y":0.2818520963191986,"z":-0.020572355017066003,"w":0.9567030668258667},"size":0.8866933584213257,"orthographic":false}